<?xml version="1.0" encoding="UTF-8"?>
<beans xmlns="http://www.springframework.org/schema/beans"
	xmlns:mvc="http://www.springframework.org/schema/mvc" xmlns:context="http://www.springframework.org/schema/context"
	xmlns:xsi="http://www.w3.org/2001/XMLSchema-instance"
	xsi:schemaLocation="
        http://www.springframework.org/schema/beans     
        http://www.springframework.org/schema/beans/spring-beans.xsd
        http://www.springframework.org/schema/mvc 
        http://www.springframework.org/schema/mvc/spring-mvc.xsd
        http://www.springframework.org/schema/context 
        http://www.springframework.org/schema/context/spring-context.xsd">
    
	<!-- Enable spring mvc features @RequestMapping, @ResponseBody, 
	 @GetMapping, @PostMapping
	Server side validation -->
	
	<mvc:annotation-driven />      
	
	<!-- Package which contains your model! -->
	<context:component-scan base-package="com.web.controller"/>
	
		<!-- Mapping static resources allow contents from this folder -->
	<mvc:resources mapping="/img/**" location="/img/" />
        
     <!-- Hey I am going to JSP -->
	<bean id="viewResolver"
		class="org.springframework.web.servlet.view.UrlBasedViewResolver">
		<property name="viewClass"
			value="org.springframework.web.servlet.view.JstlView" />
		<property name="prefix" value="/" />
		<property name="suffix" value=".jsp" />
	</bean>   
        
</beans>        